<?xml version="1.0" encoding="UTF-8"?>
<!DOCTYPE mapper
  PUBLIC "-//mybatis.org//DTD Mapper 3.0//EN"
  "https://mybatis.org/dtd/mybatis-3-mapper.dtd">

<mapper namespace="kr.co.withmall.dao.MemberMapper">

<select id="getMember" parameterType="Map" resultType="MemberDto">
    SELECT NUM, NAME, PW, MOBILE, EMAIL, POSTCODE, JIBUNADDRESS, ROADADDRESS, DETAILADDRESS, BIRTH, GENDER, MDATE, AUTH, STATUS, AGREE, REG_DATE
    FROM MEMBER
    <where>
        <if test="email != null">AND EMAIL = #{email}</if>
        <if test="pw != null">AND PW = #{pw}</if>
        <if test="num != null">AND NUM = #{num}</if>
    </where>
</select>

<insert id="insertMember" parameterType="MemberDto">
    INSERT INTO MEMBER(
    NUM,
    NAME,
    PW,
    MOBILE,
    EMAIL,
    POSTCODE,
    JIBUNADDRESS,
    ROADADDRESS,
    DETAILADDRESS,
    GENDER,
    MDATE,
    AUTH,
    STATUS,
    AGREE,
    REG_DATE
   ) VALUES (
        MEMBER_SEQ.NEXTVAL,
        #{name},
        #{pw},
        #{mobile},
        #{email},
        #{postcode},
        #{jibunaddress},
        #{roadaddress},
        #{detailaddress},
        #{gender},
        SYSDATE, <!-- 여기 수정: SYSDATE를 콤마로 구분 -->
        #{auth},
        #{status},
        #{agree},
        SYSDATE
    );
</insert>
    
<insert id="insertNaverMember" parameterType="MemberDto">
    INSERT INTO MEMBER (
        NUM,
        NAME,
        MOBILE,
        EMAIL,
        GENDER,
        MDATE,
        STATUS,
        AGREE,
        REG_DATE
    ) VALUES (
        MEMBER_SEQ.NEXTVAL,
        #{name},
        #{mobile},
        #{email},
        #{gender},
        SYSDATE,
        1,
        #{agree},
        SYSDATE
    )
</insert>

  <select id="getLeaveMember" parameterType="Map" resultType="LeaveMemberDto">
    SELECT EMAIL, REG_DATE, EXP_DATE
      FROM MEMBER_EXP
     WHERE EMAIL = #{email}
  </select>
  
  <select id="getInactiveMember" parameterType="Map" resultType="InactiveMemberDto">
    SELECT NUM, NAME, PW, MOBILE, EMAIL, POSTCODE, JIBUNADDRESS, ROADADDRESS, DETAILADDRESS, BIRTH, GENDER, MDATE, AUTH, STATUS, AGREE, REG_DATE, STOP_DATE
      FROM MEMBER_INACTIVE
    <where>
      <if test="email != null">EMAIL = #{email}</if>
      <if test="pw != null">AND PW = #{pw}</if>
    </where>
  </select>  
</mapper>
